start	end	type	var
8983530	8983531	IS_AST_PARENT	
8983530	8983532	IS_AST_PARENT	
8983533	8983534	IS_AST_PARENT	
8983536	8983537	IS_AST_PARENT	
8983535	8983536	IS_AST_PARENT	
8983539	8983540	IS_AST_PARENT	
8983538	8983539	IS_AST_PARENT	
8983535	8983538	IS_AST_PARENT	
8983533	8983535	IS_AST_PARENT	
8983530	8983533	IS_AST_PARENT	
8983529	8983530	IS_AST_PARENT	
8983528	8983529	IS_AST_PARENT	
8983542	8983543	IS_AST_PARENT	
8983542	8983544	IS_AST_PARENT	
8983541	8983542	IS_AST_PARENT	
8983528	8983541	IS_AST_PARENT	
8983548	8983549	IS_AST_PARENT	
8983551	8983552	IS_AST_PARENT	
8983550	8983551	IS_AST_PARENT	
8983550	8983553	IS_AST_PARENT	
8983548	8983550	IS_AST_PARENT	
8983547	8983548	IS_AST_PARENT	
8983555	8983556	IS_AST_PARENT	
8983558	8983559	IS_AST_PARENT	
8983557	8983558	IS_AST_PARENT	
8983557	8983560	IS_AST_PARENT	
8983555	8983557	IS_AST_PARENT	
8983554	8983555	IS_AST_PARENT	
8983561	8983562	IS_AST_PARENT	
8983563	8983564	IS_AST_PARENT	
8983563	8983565	IS_AST_PARENT	
8983561	8983563	IS_AST_PARENT	
8983554	8983561	IS_AST_PARENT	
8983547	8983554	IS_AST_PARENT	
8983546	8983547	IS_AST_PARENT	
8983545	8983546	IS_AST_PARENT	
8983567	8983568	IS_AST_PARENT	
8983566	8983567	IS_AST_PARENT	
8983545	8983566	IS_AST_PARENT	
8983528	8983545	IS_AST_PARENT	
8983528	8983569	IS_AST_PARENT	
8983528	8983570	IS_AST_PARENT	
8983528	8983571	IS_AST_PARENT	
8983528	8983572	IS_AST_PARENT	
8983528	8983573	IS_AST_PARENT	
8983528	8983574	IS_AST_PARENT	
8983528	8983575	IS_AST_PARENT	
8983528	8983576	IS_AST_PARENT	
8983528	8983577	IS_AST_PARENT	
8983528	8983578	IS_AST_PARENT	
8983528	8983579	IS_AST_PARENT	
8983584	8983585	IS_AST_PARENT	
8983584	8983586	IS_AST_PARENT	
8983583	8983584	IS_AST_PARENT	
8983583	8983587	IS_AST_PARENT	
8983582	8983583	IS_AST_PARENT	
8983581	8983582	IS_AST_PARENT	
8983588	8983589	IS_AST_PARENT	
8983581	8983588	IS_AST_PARENT	
8983580	8983581	IS_AST_PARENT	
8983528	8983580	IS_AST_PARENT	
8983592	8983593	IS_AST_PARENT	
8983591	8983592	IS_AST_PARENT	
8983595	8983596	IS_AST_PARENT	
8983594	8983595	IS_AST_PARENT	
8983591	8983594	IS_AST_PARENT	
8983590	8983591	IS_AST_PARENT	
8983528	8983590	IS_AST_PARENT	
8983601	8983602	IS_AST_PARENT	
8983600	8983601	IS_AST_PARENT	
8983604	8983605	IS_AST_PARENT	
8983603	8983604	IS_AST_PARENT	
8983607	8983608	IS_AST_PARENT	
8983609	8983610	IS_AST_PARENT	
8983609	8983611	IS_AST_PARENT	
8983607	8983609	IS_AST_PARENT	
8983606	8983607	IS_AST_PARENT	
8983603	8983606	IS_AST_PARENT	
8983613	8983614	IS_AST_PARENT	
8983615	8983616	IS_AST_PARENT	
8983615	8983617	IS_AST_PARENT	
8983613	8983615	IS_AST_PARENT	
8983612	8983613	IS_AST_PARENT	
8983603	8983612	IS_AST_PARENT	
8983618	8983619	IS_AST_PARENT	
8983603	8983618	IS_AST_PARENT	
8983600	8983603	IS_AST_PARENT	
8983599	8983600	IS_AST_PARENT	
8983599	8983620	IS_AST_PARENT	
8983598	8983599	IS_AST_PARENT	
8983597	8983598	IS_AST_PARENT	
8983622	8983623	IS_AST_PARENT	
8983621	8983622	IS_AST_PARENT	
8983597	8983621	IS_AST_PARENT	
8983528	8983597	IS_AST_PARENT	
8983628	8983629	IS_AST_PARENT	
8983627	8983628	IS_AST_PARENT	
8983631	8983632	IS_AST_PARENT	
8983630	8983631	IS_AST_PARENT	
8983633	8983634	IS_AST_PARENT	
8983630	8983633	IS_AST_PARENT	
8983627	8983630	IS_AST_PARENT	
8983626	8983627	IS_AST_PARENT	
8983626	8983635	IS_AST_PARENT	
8983625	8983626	IS_AST_PARENT	
8983624	8983625	IS_AST_PARENT	
8983637	8983638	IS_AST_PARENT	
8983636	8983637	IS_AST_PARENT	
8983624	8983636	IS_AST_PARENT	
8983528	8983624	IS_AST_PARENT	
8983643	8983644	IS_AST_PARENT	
8983642	8983643	IS_AST_PARENT	
8983646	8983647	IS_AST_PARENT	
8983645	8983646	IS_AST_PARENT	
8983642	8983645	IS_AST_PARENT	
8983641	8983642	IS_AST_PARENT	
8983641	8983648	IS_AST_PARENT	
8983640	8983641	IS_AST_PARENT	
8983639	8983640	IS_AST_PARENT	
8983650	8983651	IS_AST_PARENT	
8983649	8983650	IS_AST_PARENT	
8983639	8983649	IS_AST_PARENT	
8983528	8983639	IS_AST_PARENT	
8983654	8983655	IS_AST_PARENT	
8983654	8983656	IS_AST_PARENT	
8983653	8983654	IS_AST_PARENT	
8983653	8983657	IS_AST_PARENT	
8983652	8983653	IS_AST_PARENT	
8983528	8983652	IS_AST_PARENT	
8983660	8983661	IS_AST_PARENT	
8983659	8983660	IS_AST_PARENT	
8983664	8983665	IS_AST_PARENT	
8983664	8983666	IS_AST_PARENT	
8983663	8983664	IS_AST_PARENT	
8983662	8983663	IS_AST_PARENT	
8983669	8983670	IS_AST_PARENT	
8983668	8983669	IS_AST_PARENT	
8983673	8983674	IS_AST_PARENT	
8983675	8983676	IS_AST_PARENT	
8983675	8983677	IS_AST_PARENT	
8983673	8983675	IS_AST_PARENT	
8983672	8983673	IS_AST_PARENT	
8983671	8983672	IS_AST_PARENT	
8983668	8983671	IS_AST_PARENT	
8983667	8983668	IS_AST_PARENT	
8983662	8983667	IS_AST_PARENT	
8983680	8983681	IS_AST_PARENT	
8983679	8983680	IS_AST_PARENT	
8983684	8983685	IS_AST_PARENT	
8983686	8983687	IS_AST_PARENT	
8983686	8983688	IS_AST_PARENT	
8983684	8983686	IS_AST_PARENT	
8983683	8983684	IS_AST_PARENT	
8983682	8983683	IS_AST_PARENT	
8983679	8983682	IS_AST_PARENT	
8983678	8983679	IS_AST_PARENT	
8983662	8983678	IS_AST_PARENT	
8983659	8983662	IS_AST_PARENT	
8983658	8983659	IS_AST_PARENT	
8983528	8983658	IS_AST_PARENT	
8983528	8983689	IS_AST_PARENT	
8983690	8983691	IS_AST_PARENT	
8983528	8983690	IS_AST_PARENT	
8983694	8983695	IS_AST_PARENT	
8983693	8983694	IS_AST_PARENT	
8983697	8983698	IS_AST_PARENT	
8983696	8983697	IS_AST_PARENT	
8983700	8983701	IS_AST_PARENT	
8983702	8983703	IS_AST_PARENT	
8983702	8983704	IS_AST_PARENT	
8983700	8983702	IS_AST_PARENT	
8983699	8983700	IS_AST_PARENT	
8983696	8983699	IS_AST_PARENT	
8983705	8983706	IS_AST_PARENT	
8983696	8983705	IS_AST_PARENT	
8983693	8983696	IS_AST_PARENT	
8983692	8983693	IS_AST_PARENT	
8983528	8983692	IS_AST_PARENT	
8983709	8983710	IS_AST_PARENT	
8983708	8983709	IS_AST_PARENT	
8983712	8983713	IS_AST_PARENT	
8983711	8983712	IS_AST_PARENT	
8983715	8983716	IS_AST_PARENT	
8983715	8983717	IS_AST_PARENT	
8983714	8983715	IS_AST_PARENT	
8983711	8983714	IS_AST_PARENT	
8983708	8983711	IS_AST_PARENT	
8983707	8983708	IS_AST_PARENT	
8983528	8983707	IS_AST_PARENT	
8983720	8983721	IS_AST_PARENT	
8983719	8983720	IS_AST_PARENT	
8983719	8983722	IS_AST_PARENT	
8983718	8983719	IS_AST_PARENT	
8983528	8983718	IS_AST_PARENT	
8983723	8983724	IS_AST_PARENT	
8983528	8983723	IS_AST_PARENT	
8983727	8983728	IS_AST_PARENT	
8983726	8983727	IS_AST_PARENT	
8983730	8983731	IS_AST_PARENT	
8983729	8983730	IS_AST_PARENT	
8983732	8983733	IS_AST_PARENT	
8983729	8983732	IS_AST_PARENT	
8983726	8983729	IS_AST_PARENT	
8983725	8983726	IS_AST_PARENT	
8983528	8983725	IS_AST_PARENT	
8983528	8983734	IS_AST_PARENT	
8983527	8983528	IS_AST_PARENT	
8983527	8983735	IS_AST_PARENT	
8983527	8983736	IS_AST_PARENT	
8983738	8983739	IS_AST_PARENT	
8983738	8983740	IS_AST_PARENT	
8983737	8983738	IS_AST_PARENT	
8983741	8983742	IS_AST_PARENT	
8983741	8983743	IS_AST_PARENT	
8983737	8983741	IS_AST_PARENT	
8983527	8983737	IS_AST_PARENT	
8983744	8983738	FLOWS_TO	
8983738	8983741	FLOWS_TO	
8983741	8983529	FLOWS_TO	
8983529	8983541	FLOWS_TO	
8983541	8983546	FLOWS_TO	
8983546	8983567	FLOWS_TO	
8983546	8983569	FLOWS_TO	
8983567	8983723	FLOWS_TO	
8983569	8983570	FLOWS_TO	
8983570	8983571	FLOWS_TO	
8983571	8983572	FLOWS_TO	
8983572	8983573	FLOWS_TO	
8983573	8983574	FLOWS_TO	
8983574	8983575	FLOWS_TO	
8983575	8983576	FLOWS_TO	
8983576	8983577	FLOWS_TO	
8983577	8983578	FLOWS_TO	
8983578	8983579	FLOWS_TO	
8983579	8983582	FLOWS_TO	
8983582	8983589	FLOWS_TO	
8983582	8983590	FLOWS_TO	
8983589	8983746	FLOWS_TO	
8983590	8983598	FLOWS_TO	
8983598	8983622	FLOWS_TO	
8983598	8983625	FLOWS_TO	
8983622	8983723	FLOWS_TO	
8983625	8983637	FLOWS_TO	
8983625	8983640	FLOWS_TO	
8983637	8983690	FLOWS_TO	
8983640	8983650	FLOWS_TO	
8983640	8983652	FLOWS_TO	
8983650	8983690	FLOWS_TO	
8983652	8983658	FLOWS_TO	
8983658	8983689	FLOWS_TO	
8983689	8983745	FLOWS_TO	
8983690	8983692	FLOWS_TO	
8983692	8983707	FLOWS_TO	
8983707	8983718	FLOWS_TO	
8983718	8983723	FLOWS_TO	
8983723	8983725	FLOWS_TO	
8983725	8983734	FLOWS_TO	
8983734	8983745	FLOWS_TO	
8983529	8983747	USE	
8983533	8983747	USE	
8983598	8983748	USE	
8983625	8983749	USE	
8983625	8983750	USE	
8983633	8983750	USE	
8983738	8983751	DEF	
8983529	8983751	USE	
8983539	8983751	USE	
8983725	8983751	USE	
8983730	8983751	USE	
8983598	8983752	USE	
8983606	8983752	USE	
8983658	8983752	USE	
8983672	8983752	USE	
8983692	8983752	USE	
8983699	8983752	USE	
8983658	8983753	USE	
8983667	8983753	USE	
8983678	8983753	USE	
8983598	8983754	USE	
8983604	8983754	USE	
8983692	8983754	USE	
8983697	8983754	USE	
8983529	8983755	DEF	
8983533	8983755	DEF	
8983530	8983755	DEF	
8983546	8983755	USE	
8983563	8983755	USE	
8983582	8983756	USE	
8983652	8983756	DEF	
8983653	8983756	DEF	
8983658	8983756	USE	
8983663	8983756	USE	
8983707	8983756	USE	
8983714	8983756	USE	
8983658	8983757	USE	
8983663	8983757	USE	
8983707	8983757	USE	
8983714	8983757	USE	
8983741	8983758	DEF	
8983582	8983758	USE	
8983598	8983758	USE	
8983618	8983758	USE	
8983692	8983758	USE	
8983705	8983758	USE	
8983725	8983758	USE	
8983732	8983758	USE	
8983541	8983759	DEF	
8983542	8983759	DEF	
8983582	8983759	USE	
8983584	8983759	USE	
8983590	8983759	USE	
8983595	8983759	USE	
8983598	8983759	USE	
8983606	8983759	USE	
8983615	8983759	USE	
8983609	8983759	USE	
8983612	8983759	USE	
8983625	8983759	USE	
8983631	8983759	USE	
8983640	8983759	USE	
8983646	8983759	USE	
8983652	8983759	USE	
8983654	8983759	USE	
8983658	8983759	USE	
8983686	8983759	USE	
8983664	8983759	USE	
8983672	8983759	USE	
8983683	8983759	USE	
8983675	8983759	USE	
8983692	8983759	USE	
8983699	8983759	USE	
8983702	8983759	USE	
8983707	8983759	USE	
8983715	8983759	USE	
8983546	8983760	USE	
8983546	8983761	USE	
8983652	8983762	DEF	
8983653	8983762	DEF	
8983546	8983763	USE	
8983582	8983764	USE	
8983546	8983765	USE	
8983652	8983766	USE	
8983653	8983766	USE	
8983640	8983767	USE	
8983598	8983768	USE	
8983612	8983768	USE	
8983658	8983768	USE	
8983683	8983768	USE	
8983652	8983658	REACHES	* intp
8983541	8983582	REACHES	intp
8983541	8983590	REACHES	intp
8983541	8983598	REACHES	intp
8983541	8983625	REACHES	intp
8983541	8983640	REACHES	intp
8983541	8983652	REACHES	intp
8983541	8983658	REACHES	intp
8983541	8983692	REACHES	intp
8983541	8983707	REACHES	intp
8983738	8983529	REACHES	sbdev
8983738	8983725	REACHES	sbdev
8983529	8983546	REACHES	vdev
8983741	8983582	REACHES	irq
8983741	8983598	REACHES	irq
8983741	8983692	REACHES	irq
8983741	8983725	REACHES	irq
8983744	8983738	CONTROLS	
8983744	8983741	CONTROLS	
8983744	8983529	CONTROLS	
8983744	8983541	CONTROLS	
8983744	8983546	CONTROLS	
8983546	8983567	CONTROLS	
8983546	8983723	CONTROLS	
8983546	8983725	CONTROLS	
8983546	8983734	CONTROLS	
8983546	8983569	CONTROLS	
8983546	8983570	CONTROLS	
8983546	8983571	CONTROLS	
8983546	8983572	CONTROLS	
8983546	8983573	CONTROLS	
8983546	8983574	CONTROLS	
8983546	8983575	CONTROLS	
8983546	8983576	CONTROLS	
8983546	8983577	CONTROLS	
8983546	8983578	CONTROLS	
8983546	8983579	CONTROLS	
8983546	8983582	CONTROLS	
8983546	8983590	CONTROLS	
8983546	8983598	CONTROLS	
8983598	8983622	CONTROLS	
8983598	8983723	CONTROLS	
8983598	8983725	CONTROLS	
8983598	8983734	CONTROLS	
8983598	8983625	CONTROLS	
8983625	8983637	CONTROLS	
8983625	8983690	CONTROLS	
8983625	8983692	CONTROLS	
8983625	8983707	CONTROLS	
8983625	8983718	CONTROLS	
8983625	8983723	CONTROLS	
8983625	8983725	CONTROLS	
8983625	8983734	CONTROLS	
8983625	8983640	CONTROLS	
8983640	8983650	CONTROLS	
8983640	8983690	CONTROLS	
8983640	8983692	CONTROLS	
8983640	8983707	CONTROLS	
8983640	8983718	CONTROLS	
8983640	8983723	CONTROLS	
8983640	8983725	CONTROLS	
8983640	8983734	CONTROLS	
8983640	8983652	CONTROLS	
8983640	8983658	CONTROLS	
8983640	8983689	CONTROLS	
8983625	8983690	DOM	
8983652	8983658	DOM	
8983573	8983574	DOM	
8983589	8983746	DOM	
8983658	8983689	DOM	
8983582	8983590	DOM	
8983725	8983734	DOM	
8983546	8983745	DOM	
8983744	8983744	DOM	
8983744	8983738	DOM	
8983570	8983571	DOM	
8983590	8983598	DOM	
8983625	8983637	DOM	
8983582	8983589	DOM	
8983640	8983652	DOM	
8983529	8983541	DOM	
8983576	8983577	DOM	
8983579	8983582	DOM	
8983625	8983640	DOM	
8983741	8983529	DOM	
8983692	8983707	DOM	
8983541	8983546	DOM	
8983640	8983650	DOM	
8983598	8983625	DOM	
8983575	8983576	DOM	
8983546	8983723	DOM	
8983578	8983579	DOM	
8983598	8983622	DOM	
8983707	8983718	DOM	
8983546	8983569	DOM	
8983577	8983578	DOM	
8983723	8983725	DOM	
8983571	8983572	DOM	
8983574	8983575	DOM	
8983546	8983567	DOM	
8983572	8983573	DOM	
8983690	8983692	DOM	
8983738	8983741	DOM	
8983569	8983570	DOM	
8983692	8983690	POST_DOM	
8983689	8983658	POST_DOM	
8983575	8983574	POST_DOM	
8983745	8983689	POST_DOM	
8983598	8983590	POST_DOM	
8983745	8983745	POST_DOM	
8983745	8983734	POST_DOM	
8983745	8983598	POST_DOM	
8983572	8983571	POST_DOM	
8983741	8983738	POST_DOM	
8983738	8983744	POST_DOM	
8983690	8983637	POST_DOM	
8983658	8983652	POST_DOM	
8983546	8983541	POST_DOM	
8983590	8983582	POST_DOM	
8983578	8983577	POST_DOM	
8983745	8983640	POST_DOM	
8983541	8983529	POST_DOM	
8983718	8983707	POST_DOM	
8983745	8983546	POST_DOM	
8983690	8983650	POST_DOM	
8983745	8983625	POST_DOM	
8983577	8983576	POST_DOM	
8983582	8983579	POST_DOM	
8983725	8983723	POST_DOM	
8983723	8983622	POST_DOM	
8983723	8983718	POST_DOM	
8983570	8983569	POST_DOM	
8983579	8983578	POST_DOM	
8983734	8983725	POST_DOM	
8983573	8983572	POST_DOM	
8983576	8983575	POST_DOM	
8983574	8983573	POST_DOM	
8983723	8983567	POST_DOM	
8983707	8983692	POST_DOM	
8983571	8983570	POST_DOM	
8983529	8983741	POST_DOM	
8983526	8983527	IS_FUNCTION_OF_AST	
8983526	8983744	IS_FUNCTION_OF_CFG	
8983525	8983526	IS_FILE_OF	
